STATION,DATE,NAME,TEMP,DEWP,STP,VISIB,WDSP,MXSPD,MAX,MIN,PRCP,MONTH,AQI
72494693232,2024-01-01,"SAN JOSE REID HILLVIEW AIRPORT, CA US",54.2,46.8,16.9,7.9,0.8,5.1,60.8,48.2,0.0,1,67.0
72494693232,2024-01-02,"SAN JOSE REID HILLVIEW AIRPORT, CA US",54.4,45.7,17.1,10.0,4.8,17.1,60.8,48.2,0.0,1,61.0
72494693232,2024-01-03,"SAN JOSE REID HILLVIEW AIRPORT, CA US",52.8,45.6,14.9,9.3,7.4,15.0,57.2,44.6,0.0,1,30.0
72494693232,2024-01-04,"SAN JOSE REID HILLVIEW AIRPORT, CA US",51.9,41.8,20.2,10.0,2.2,7.0,57.2,42.8,0.0,1,40.0
72494693232,2024-01-05,"SAN JOSE REID HILLVIEW AIRPORT, CA US",54.4,46.0,20.8,9.9,4.0,14.0,60.8,48.2,0.0,1,65.0
72494693232,2024-01-06,"SAN JOSE REID HILLVIEW AIRPORT, CA US",48.5,38.1,15.4,8.8,2.5,9.9,55.4,39.2,0.0,1,65.0
72494693232,2024-01-07,"SAN JOSE REID HILLVIEW AIRPORT, CA US",46.3,35.8,14.6,10.0,3.7,9.9,51.8,32.0,0.0,1,32.0
72494693232,2024-01-08,"SAN JOSE REID HILLVIEW AIRPORT, CA US",46.4,32.6,20.4,10.0,2.4,8.0,57.2,33.8,0.0,1,51.0
72494693232,2024-01-09,"SAN JOSE REID HILLVIEW AIRPORT, CA US",49.9,40.0,21.6,9.2,2.5,12.0,57.2,44.6,0.0,1,48.0
72494693232,2024-01-10,"SAN JOSE REID HILLVIEW AIRPORT, CA US",48.6,42.9,15.8,7.9,3.3,8.9,51.8,42.8,0.0,1,34.0
72494693232,2024-01-12,"SAN JOSE REID HILLVIEW AIRPORT, CA US",45.5,36.3,20.5,10.0,2.3,7.0,53.6,35.6,0.0,1,56.0
72494693232,2024-01-13,"SAN JOSE REID HILLVIEW AIRPORT, CA US",51.7,42.0,16.8,10.0,5.6,12.0,57.2,44.6,0.0,1,80.0
72494693232,2024-01-14,"SAN JOSE REID HILLVIEW AIRPORT, CA US",55.8,47.8,13.9,8.5,5.2,12.0,59.0,53.6,0.0,1,60.0
72494693232,2024-01-15,"SAN JOSE REID HILLVIEW AIRPORT, CA US",52.4,46.3,15.4,7.4,1.0,6.0,57.2,48.2,0.0,1,31.0
72494693232,2024-01-16,"SAN JOSE REID HILLVIEW AIRPORT, CA US",53.0,46.5,14.4,10.0,1.5,5.1,60.8,46.4,0.0,1,52.0
72494693232,2024-01-17,"SAN JOSE REID HILLVIEW AIRPORT, CA US",57.1,50.7,13.0,6.8,2.8,12.0,60.8,53.6,0.0,1,60.0
72494693232,2024-01-18,"SAN JOSE REID HILLVIEW AIRPORT, CA US",52.3,46.1,13.6,10.0,1.2,6.0,60.8,42.8,0.0,1,59.0
72494693232,2024-01-19,"SAN JOSE REID HILLVIEW AIRPORT, CA US",56.4,45.9,10.1,10.0,3.3,11.1,62.6,48.2,0.0,1,63.0
72494693232,2024-01-20,"SAN JOSE REID HILLVIEW AIRPORT, CA US",58.0,51.1,4.6,9.7,9.7,18.1,60.8,55.4,0.0,1,27.0
72494693232,2024-01-21,"SAN JOSE REID HILLVIEW AIRPORT, CA US",57.7,51.3,4.2,9.6,8.6,15.9,62.6,53.6,0.0,1,31.0
72494693232,2024-01-22,"SAN JOSE REID HILLVIEW AIRPORT, CA US",58.5,53.8,2.1,7.3,5.2,15.9,60.8,55.4,0.0,1,33.0
72494693232,2024-01-23,"SAN JOSE REID HILLVIEW AIRPORT, CA US",57.3,51.9,9.4,10.0,4.2,12.0,60.8,55.4,0.0,1,27.0
72494693232,2024-01-24,"SAN JOSE REID HILLVIEW AIRPORT, CA US",56.6,50.5,13.2,9.1,7.5,15.9,60.8,53.6,0.0,1,48.0
72494693232,2024-01-25,"SAN JOSE REID HILLVIEW AIRPORT, CA US",56.3,48.1,17.9,10.0,3.3,9.9,60.8,48.2,0.0,1,32.0
72494693232,2024-01-26,"SAN JOSE REID HILLVIEW AIRPORT, CA US",54.4,46.5,20.3,9.8,3.2,8.0,60.8,46.4,0.0,1,43.0
72494693232,2024-01-27,"SAN JOSE REID HILLVIEW AIRPORT, CA US",56.5,47.0,20.9,10.0,0.7,2.9,64.4,48.2,0.0,1,60.0
72494693232,2024-01-28,"SAN JOSE REID HILLVIEW AIRPORT, CA US",60.1,49.9,17.5,10.0,0.7,2.9,71.6,48.2,0.0,1,72.0
72494693232,2024-01-29,"SAN JOSE REID HILLVIEW AIRPORT, CA US",62.2,51.8,14.5,10.0,2.3,6.0,73.4,46.4,0.0,1,73.0
72494693232,2024-01-30,"SAN JOSE REID HILLVIEW AIRPORT, CA US",63.1,46.7,12.7,10.0,2.6,7.0,71.6,51.8,0.0,1,61.0
72494693232,2024-01-31,"SAN JOSE REID HILLVIEW AIRPORT, CA US",59.6,41.1,5.6,10.0,11.4,17.1,64.4,57.2,0.0,1,37.0
72494693232,2024-02-01,"SAN JOSE REID HILLVIEW AIRPORT, CA US",54.5,47.9,1.0,9.8,6.2,13.0,60.8,50.0,0.0,2,33.0
72494693232,2024-02-02,"SAN JOSE REID HILLVIEW AIRPORT, CA US",51.4,45.6,5.9,10.0,4.1,7.0,55.4,46.4,0.0,2,34.0
72494693232,2024-02-03,"SAN JOSE REID HILLVIEW AIRPORT, CA US",50.7,42.0,10.9,10.0,2.6,8.0,55.4,44.6,0.0,2,32.0
72494693232,2024-02-04,"SAN JOSE REID HILLVIEW AIRPORT, CA US",54.8,47.4,998.3,7.6,14.8,26.0,60.8,48.2,0.0,2,31.0
72494693232,2024-02-06,"SAN JOSE REID HILLVIEW AIRPORT, CA US",53.0,46.4,1.7,8.6,2.9,8.9,59.0,48.2,0.0,2,32.0
72494693232,2024-02-07,"SAN JOSE REID HILLVIEW AIRPORT, CA US",49.7,43.6,3.6,8.6,5.8,13.0,55.4,46.4,0.0,2,30.0
72494693232,2024-02-08,"SAN JOSE REID HILLVIEW AIRPORT, CA US",48.8,38.4,9.3,10.0,4.7,8.9,55.4,37.4,0.0,2,32.0
72494693232,2024-02-09,"SAN JOSE REID HILLVIEW AIRPORT, CA US",49.0,39.3,14.6,10.0,4.1,9.9,57.2,37.4,0.0,2,36.0
72494693232,2024-02-10,"SAN JOSE REID HILLVIEW AIRPORT, CA US",51.7,38.0,15.4,10.0,5.8,15.9,60.8,39.2,0.0,2,53.0
72494693232,2024-02-11,"SAN JOSE REID HILLVIEW AIRPORT, CA US",53.1,40.7,17.5,10.0,2.8,9.9,60.8,39.2,0.0,2,57.0
72494693232,2024-02-12,"SAN JOSE REID HILLVIEW AIRPORT, CA US",52.2,42.7,17.0,9.4,2.3,9.9,62.6,39.2,0.0,2,63.0
72494693232,2024-02-13,"SAN JOSE REID HILLVIEW AIRPORT, CA US",54.9,44.0,12.9,10.0,3.0,7.0,60.8,44.6,0.0,2,58.0
72494693232,2024-02-14,"SAN JOSE REID HILLVIEW AIRPORT, CA US",54.2,46.5,13.9,10.0,7.4,15.9,59.0,48.2,0.0,2,55.0
72494693232,2024-02-15,"SAN JOSE REID HILLVIEW AIRPORT, CA US",56.4,46.4,17.9,9.4,2.8,7.0,62.6,46.4,0.0,2,33.0
72494693232,2024-02-16,"SAN JOSE REID HILLVIEW AIRPORT, CA US",54.9,46.4,16.6,10.0,2.1,8.0,62.6,46.4,0.0,2,56.0
72494693232,2024-02-17,"SAN JOSE REID HILLVIEW AIRPORT, CA US",56.6,47.5,10.4,9.5,8.8,19.0,62.6,53.6,0.0,2,40.0
72494693232,2024-02-18,"SAN JOSE REID HILLVIEW AIRPORT, CA US",59.7,49.7,7.5,9.5,11.8,19.0,69.8,53.6,0.0,2,33.0
72494693232,2024-02-19,"SAN JOSE REID HILLVIEW AIRPORT, CA US",59.8,49.7,5.4,10.0,14.9,20.0,62.6,55.4,0.0,2,35.0
72494693232,2024-02-20,"SAN JOSE REID HILLVIEW AIRPORT, CA US",57.2,47.7,11.6,9.0,8.4,15.9,60.8,51.8,0.0,2,32.0
72494693232,2024-02-21,"SAN JOSE REID HILLVIEW AIRPORT, CA US",54.9,45.9,16.4,8.8,2.0,6.0,60.8,46.4,0.0,2,33.0
72494693232,2024-02-22,"SAN JOSE REID HILLVIEW AIRPORT, CA US",55.5,45.5,19.3,10.0,1.7,7.0,66.2,42.8,0.0,2,34.0
72494693232,2024-02-23,"SAN JOSE REID HILLVIEW AIRPORT, CA US",54.5,44.4,16.3,10.0,0.0,6.5,64.4,42.8,0.0,2,49.0
72494693232,2024-02-24,"SAN JOSE REID HILLVIEW AIRPORT, CA US",61.3,44.6,12.7,10.0,1.6,6.0,73.4,44.6,0.0,2,60.0
72494693232,2024-02-25,"SAN JOSE REID HILLVIEW AIRPORT, CA US",60.2,46.7,12.3,10.0,1.9,9.9,71.6,44.6,0.0,2,54.0
72494693232,2024-02-26,"SAN JOSE REID HILLVIEW AIRPORT, CA US",57.9,48.3,12.0,10.0,5.6,11.1,66.2,48.2,0.0,2,52.0
72494693232,2024-02-27,"SAN JOSE REID HILLVIEW AIRPORT, CA US",56.6,40.9,12.3,10.0,5.7,11.1,60.8,42.8,0.0,2,29.0
72494693232,2024-02-28,"SAN JOSE REID HILLVIEW AIRPORT, CA US",55.9,37.0,13.4,10.0,1.4,7.0,68.0,41.0,0.0,2,50.0
72494693232,2024-02-29,"SAN JOSE REID HILLVIEW AIRPORT, CA US",57.2,45.7,999.9,10.0,8.9,15.9,64.4,51.8,0.0,2,36.0
72494693232,2024-03-01,"SAN JOSE REID HILLVIEW AIRPORT, CA US",54.5,48.2,10.1,7.4,8.0,15.0,57.2,51.8,0.0,3,31.0
72494693232,2024-03-02,"SAN JOSE REID HILLVIEW AIRPORT, CA US",50.9,40.7,7.1,8.8,6.7,9.9,53.6,48.2,0.0,3,33.0
72494693232,2024-03-03,"SAN JOSE REID HILLVIEW AIRPORT, CA US",49.1,41.9,9.5,9.4,5.7,8.0,55.4,44.6,0.0,3,35.0
72494693232,2024-03-04,"SAN JOSE REID HILLVIEW AIRPORT, CA US",53.0,41.8,14.7,9.8,2.4,8.0,60.8,46.4,0.0,3,37.0
72494693232,2024-03-05,"SAN JOSE REID HILLVIEW AIRPORT, CA US",54.6,43.5,13.7,10.0,6.6,14.0,59.0,50.0,0.0,3,38.0
72494693232,2024-03-06,"SAN JOSE REID HILLVIEW AIRPORT, CA US",55.8,48.4,8.4,10.0,4.1,12.0,60.8,51.8,0.0,3,35.0
72494693232,2024-03-07,"SAN JOSE REID HILLVIEW AIRPORT, CA US",54.0,45.9,10.2,10.0,4.2,8.9,60.8,50.0,0.0,3,32.0
72494693232,2024-03-08,"SAN JOSE REID HILLVIEW AIRPORT, CA US",55.4,42.0,15.8,10.0,2.5,11.1,68.0,39.2,0.0,3,27.0
72494693232,2024-03-09,"SAN JOSE REID HILLVIEW AIRPORT, CA US",58.1,44.9,16.2,10.0,3.6,7.0,66.2,51.8,0.0,3,32.0
72494693232,2024-03-10,"SAN JOSE REID HILLVIEW AIRPORT, CA US",56.0,46.2,15.0,10.0,3.0,8.0,62.6,50.0,0.0,3,35.0
72494693232,2024-03-11,"SAN JOSE REID HILLVIEW AIRPORT, CA US",55.0,46.4,14.3,7.9,2.6,9.9,62.6,48.2,0.0,3,35.0
72494693232,2024-03-12,"SAN JOSE REID HILLVIEW AIRPORT, CA US",56.6,46.5,16.0,10.0,8.9,13.0,60.8,51.8,0.0,3,38.0
72494693232,2024-03-13,"SAN JOSE REID HILLVIEW AIRPORT, CA US",55.7,43.7,17.4,10.0,8.4,15.9,62.6,44.6,0.0,3,34.0
72494693232,2024-03-14,"SAN JOSE REID HILLVIEW AIRPORT, CA US",60.6,33.0,11.8,10.0,10.1,15.9,68.0,53.6,0.0,3,32.0
72494693232,2024-03-15,"SAN JOSE REID HILLVIEW AIRPORT, CA US",64.5,32.4,5.6,10.0,8.8,14.0,71.6,53.6,0.0,3,36.0
72494693232,2024-03-16,"SAN JOSE REID HILLVIEW AIRPORT, CA US",63.8,36.8,9.9,10.0,4.3,12.0,71.6,46.4,0.0,3,36.0
72494693232,2024-03-17,"SAN JOSE REID HILLVIEW AIRPORT, CA US",59.4,43.0,13.7,10.0,3.8,8.9,69.8,44.6,0.0,3,39.0
72494693232,2024-03-18,"SAN JOSE REID HILLVIEW AIRPORT, CA US",60.0,44.1,14.5,10.0,3.5,11.1,71.6,46.4,0.0,3,42.0
72494693232,2024-03-19,"SAN JOSE REID HILLVIEW AIRPORT, CA US",61.6,49.2,13.5,8.7,4.3,11.1,71.6,51.8,0.0,3,48.0
72494693232,2024-03-20,"SAN JOSE REID HILLVIEW AIRPORT, CA US",61.4,44.1,13.2,10.0,4.1,11.1,69.8,46.4,0.0,3,39.0
72494693232,2024-03-21,"SAN JOSE REID HILLVIEW AIRPORT, CA US",59.6,45.5,14.7,10.0,4.6,14.0,71.6,48.2,0.0,3,36.0
72494693232,2024-03-22,"SAN JOSE REID HILLVIEW AIRPORT, CA US",60.4,49.0,12.6,10.0,5.9,9.9,66.2,50.0,0.0,3,39.0
72494693232,2024-03-23,"SAN JOSE REID HILLVIEW AIRPORT, CA US",56.0,46.0,7.4,9.7,7.4,9.9,60.8,48.2,0.0,3,44.0
72494693232,2024-03-24,"SAN JOSE REID HILLVIEW AIRPORT, CA US",55.0,45.1,6.6,10.0,8.9,15.9,62.6,48.2,0.0,3,36.0
72494693232,2024-03-25,"SAN JOSE REID HILLVIEW AIRPORT, CA US",56.2,45.3,10.6,10.0,6.5,14.0,60.8,51.8,0.0,3,33.0
72494693232,2024-03-26,"SAN JOSE REID HILLVIEW AIRPORT, CA US",55.4,44.6,14.3,10.0,5.3,11.1,62.6,51.8,0.0,3,35.0
72494693232,2024-03-27,"SAN JOSE REID HILLVIEW AIRPORT, CA US",56.0,45.4,15.9,10.0,5.6,8.9,64.4,44.6,0.0,3,39.0
72494693232,2024-03-28,"SAN JOSE REID HILLVIEW AIRPORT, CA US",55.4,46.0,14.2,10.0,5.5,11.1,62.6,46.4,0.0,3,42.0
72494693232,2024-03-29,"SAN JOSE REID HILLVIEW AIRPORT, CA US",53.3,42.7,6.1,9.3,10.9,22.0,57.2,50.0,0.0,3,37.0
72494693232,2024-03-30,"SAN JOSE REID HILLVIEW AIRPORT, CA US",54.9,44.0,997.9,10.0,8.4,20.0,62.6,46.4,0.0,3,38.0
72494693232,2024-03-31,"SAN JOSE REID HILLVIEW AIRPORT, CA US",54.8,45.9,3.0,10.0,4.7,29.9,66.2,44.6,0.0,3,39.0
72494693232,2024-04-01,"SAN JOSE REID HILLVIEW AIRPORT, CA US",59.9,44.7,9.4,10.0,4.9,11.1,71.6,44.6,0.0,4,36.0
72494693232,2024-04-02,"SAN JOSE REID HILLVIEW AIRPORT, CA US",63.6,43.3,18.5,10.0,2.7,11.1,75.2,46.4,0.0,4,39.0
72494693232,2024-04-03,"SAN JOSE REID HILLVIEW AIRPORT, CA US",58.2,49.3,17.1,10.0,4.8,14.0,64.4,48.2,0.0,4,44.0
72494693232,2024-04-04,"SAN JOSE REID HILLVIEW AIRPORT, CA US",49.8,39.3,7.5,9.1,9.3,15.9,55.4,41.0,0.0,4,49.0
72494693232,2024-04-05,"SAN JOSE REID HILLVIEW AIRPORT, CA US",50.0,38.3,6.5,9.1,8.0,14.0,57.2,42.8,0.0,4,35.0
72494693232,2024-04-06,"SAN JOSE REID HILLVIEW AIRPORT, CA US",51.4,36.8,19.4,10.0,4.7,13.0,60.8,39.2,0.0,4,36.0
72494693232,2024-04-07,"SAN JOSE REID HILLVIEW AIRPORT, CA US",54.5,39.7,18.7,10.0,6.4,12.0,60.8,42.8,0.0,4,39.0
72494693232,2024-04-08,"SAN JOSE REID HILLVIEW AIRPORT, CA US",57.9,42.9,14.8,10.0,7.0,13.0,69.8,44.6,0.0,4,41.0
72494693232,2024-04-09,"SAN JOSE REID HILLVIEW AIRPORT, CA US",64.1,43.4,15.4,10.0,5.5,17.1,75.2,46.4,0.0,4,44.0
72494693232,2024-04-10,"SAN JOSE REID HILLVIEW AIRPORT, CA US",66.7,47.5,14.7,10.0,2.7,8.9,78.8,48.2,0.0,4,49.0
72494693232,2024-04-11,"SAN JOSE REID HILLVIEW AIRPORT, CA US",73.0,51.1,9.2,10.0,5.2,11.1,82.4,53.6,0.0,4,56.0
72494693232,2024-04-12,"SAN JOSE REID HILLVIEW AIRPORT, CA US",62.5,48.1,3.7,10.0,5.7,11.1,73.4,51.8,0.0,4,73.0
72494693232,2024-04-13,"SAN JOSE REID HILLVIEW AIRPORT, CA US",52.2,42.7,7.3,9.5,9.6,17.1,60.8,46.4,0.0,4,47.0
72494693232,2024-04-14,"SAN JOSE REID HILLVIEW AIRPORT, CA US",54.1,43.2,12.3,10.0,6.5,12.0,60.8,46.4,0.0,4,53.0
72494693232,2024-04-15,"SAN JOSE REID HILLVIEW AIRPORT, CA US",58.4,46.0,17.1,10.0,6.0,12.0,68.0,51.8,0.0,4,40.0
72494693232,2024-04-16,"SAN JOSE REID HILLVIEW AIRPORT, CA US",63.1,49.5,15.4,10.0,5.2,11.1,75.2,48.2,0.0,4,43.0
72494693232,2024-04-17,"SAN JOSE REID HILLVIEW AIRPORT, CA US",68.7,52.5,12.2,10.0,2.5,8.9,80.6,53.6,0.0,4,55.0
72494693232,2024-04-18,"SAN JOSE REID HILLVIEW AIRPORT, CA US",70.5,54.6,8.9,10.0,4.3,12.0,77.0,55.4,0.0,4,54.0
72494693232,2024-04-19,"SAN JOSE REID HILLVIEW AIRPORT, CA US",62.0,48.2,9.8,10.0,4.7,9.9,73.4,48.2,0.0,4,49.0
72494693232,2024-04-20,"SAN JOSE REID HILLVIEW AIRPORT, CA US",64.9,47.2,12.6,9.1,6.3,12.0,73.4,51.8,0.0,4,39.0
72494693232,2024-04-21,"SAN JOSE REID HILLVIEW AIRPORT, CA US",67.3,43.6,12.7,10.0,3.7,14.0,80.6,48.2,0.0,4,41.0
72494693232,2024-04-22,"SAN JOSE REID HILLVIEW AIRPORT, CA US",72.2,55.4,5.6,10.0,4.2,11.1,80.6,55.4,0.0,4,57.0
72494693232,2024-04-23,"SAN JOSE REID HILLVIEW AIRPORT, CA US",60.2,46.0,9.7,10.0,9.9,15.0,68.0,55.4,0.0,4,61.0
72494693232,2024-04-24,"SAN JOSE REID HILLVIEW AIRPORT, CA US",61.1,44.4,13.0,10.0,5.8,11.1,66.2,55.4,0.0,4,46.0
72494693232,2024-04-25,"SAN JOSE REID HILLVIEW AIRPORT, CA US",60.2,47.7,14.0,10.0,7.9,11.1,64.4,53.6,0.0,4,36.0
72494693232,2024-04-26,"SAN JOSE REID HILLVIEW AIRPORT, CA US",60.1,48.1,12.7,10.0,11.4,15.9,64.4,55.4,0.0,4,38.0
72494693232,2024-04-27,"SAN JOSE REID HILLVIEW AIRPORT, CA US",61.1,46.6,13.4,10.0,7.5,15.9,69.8,48.2,0.0,4,37.0
72494693232,2024-04-28,"SAN JOSE REID HILLVIEW AIRPORT, CA US",61.7,46.2,15.4,10.0,7.1,19.0,71.6,48.2,0.0,4,34.0
72494693232,2024-04-29,"SAN JOSE REID HILLVIEW AIRPORT, CA US",61.4,45.5,14.5,10.0,8.5,14.0,71.6,48.2,0.0,4,37.0
72494693232,2024-04-30,"SAN JOSE REID HILLVIEW AIRPORT, CA US",61.6,43.1,12.1,10.0,8.6,17.1,71.6,50.0,0.0,4,46.0
72494693232,2024-05-01,"SAN JOSE REID HILLVIEW AIRPORT, CA US",65.6,41.4,10.7,10.0,5.8,9.9,77.0,46.4,0.0,5,45.0
72494693232,2024-05-02,"SAN JOSE REID HILLVIEW AIRPORT, CA US",66.7,43.7,10.8,10.0,6.0,14.0,75.2,51.8,0.0,5,43.0
72494693232,2024-05-03,"SAN JOSE REID HILLVIEW AIRPORT, CA US",64.8,48.1,8.8,10.0,5.8,14.0,75.2,51.8,0.0,5,45.0
72494693232,2024-05-04,"SAN JOSE REID HILLVIEW AIRPORT, CA US",56.3,48.3,6.5,8.1,8.2,15.0,69.8,50.0,0.0,5,40.0
72494693232,2024-05-05,"SAN JOSE REID HILLVIEW AIRPORT, CA US",54.4,39.6,11.0,10.0,7.1,15.9,62.6,44.6,0.0,5,37.0
72494693232,2024-05-06,"SAN JOSE REID HILLVIEW AIRPORT, CA US",58.4,39.9,16.0,10.0,7.1,17.1,68.0,46.4,0.0,5,39.0
72494693232,2024-05-07,"SAN JOSE REID HILLVIEW AIRPORT, CA US",60.8,46.3,13.9,10.0,7.4,15.9,69.8,51.8,0.0,5,43.0
72494693232,2024-05-08,"SAN JOSE REID HILLVIEW AIRPORT, CA US",67.6,38.9,9.3,10.0,12.5,36.9,78.8,50.0,0.0,5,46.0
72494693232,2024-05-09,"SAN JOSE REID HILLVIEW AIRPORT, CA US",72.5,38.8,7.2,10.0,4.2,13.0,84.2,53.6,0.0,5,48.0
72494693232,2024-05-10,"SAN JOSE REID HILLVIEW AIRPORT, CA US",75.4,46.6,8.5,10.0,5.7,14.0,86.0,55.4,0.0,5,61.0
72494693232,2024-05-11,"SAN JOSE REID HILLVIEW AIRPORT, CA US",75.5,47.7,8.1,10.0,5.2,12.0,84.2,57.2,0.0,5,48.0
72494693232,2024-05-12,"SAN JOSE REID HILLVIEW AIRPORT, CA US",69.6,52.9,9.0,10.0,5.0,13.0,82.4,57.2,0.0,5,55.0
72494693232,2024-05-13,"SAN JOSE REID HILLVIEW AIRPORT, CA US",65.2,51.6,9.1,9.2,5.0,9.9,73.4,53.6,0.0,5,57.0
72494693232,2024-05-14,"SAN JOSE REID HILLVIEW AIRPORT, CA US",64.8,49.7,8.1,10.0,2.4,7.0,80.6,53.6,0.0,5,53.0
72494693232,2024-05-15,"SAN JOSE REID HILLVIEW AIRPORT, CA US",65.7,52.0,7.4,10.0,3.7,11.1,77.0,53.6,0.0,5,68.0
72494693232,2024-05-16,"SAN JOSE REID HILLVIEW AIRPORT, CA US",68.3,52.6,8.2,10.0,6.8,9.9,80.6,55.4,0.0,5,79.0
72494693232,2024-05-17,"SAN JOSE REID HILLVIEW AIRPORT, CA US",67.0,52.4,8.2,10.0,6.9,9.9,75.2,55.4,0.0,5,31.0
72494693232,2024-05-18,"SAN JOSE REID HILLVIEW AIRPORT, CA US",66.8,52.8,8.5,10.0,5.5,13.0,78.8,53.6,0.0,5,52.0
72494693232,2024-05-19,"SAN JOSE REID HILLVIEW AIRPORT, CA US",66.8,48.3,10.9,10.0,5.5,12.0,78.8,53.6,0.0,5,48.0
72494693232,2024-05-20,"SAN JOSE REID HILLVIEW AIRPORT, CA US",66.4,43.6,9.9,10.0,7.0,11.1,77.0,51.8,0.0,5,48.0
72494693232,2024-05-21,"SAN JOSE REID HILLVIEW AIRPORT, CA US",68.9,46.5,9.6,10.0,5.6,12.0,82.4,51.8,0.0,5,35.0
72494693232,2024-05-22,"SAN JOSE REID HILLVIEW AIRPORT, CA US",70.0,45.0,9.2,10.0,5.7,14.0,80.6,53.6,0.0,5,56.0
72494693232,2024-05-23,"SAN JOSE REID HILLVIEW AIRPORT, CA US",66.8,46.1,8.5,10.0,6.6,14.0,75.2,55.4,0.0,5,69.0
72494693232,2024-05-24,"SAN JOSE REID HILLVIEW AIRPORT, CA US",62.9,45.2,8.4,10.0,7.5,12.0,71.6,51.8,0.0,5,32.0
72494693232,2024-05-25,"SAN JOSE REID HILLVIEW AIRPORT, CA US",60.7,46.5,11.1,10.0,6.0,15.0,66.2,57.2,0.0,5,42.0
72494693232,2024-05-26,"SAN JOSE REID HILLVIEW AIRPORT, CA US",62.2,47.1,12.2,10.0,5.9,15.0,75.2,53.6,0.0,5,39.0
72494693232,2024-05-27,"SAN JOSE REID HILLVIEW AIRPORT, CA US",66.4,49.5,11.9,10.0,6.6,12.0,77.0,51.8,0.0,5,48.0
72494693232,2024-05-28,"SAN JOSE REID HILLVIEW AIRPORT, CA US",66.0,48.8,13.0,9.6,5.4,11.1,77.0,51.8,0.0,5,50.0
72494693232,2024-05-29,"SAN JOSE REID HILLVIEW AIRPORT, CA US",70.0,47.1,13.7,10.0,6.6,14.0,82.4,53.6,0.0,5,48.0
72494693232,2024-05-30,"SAN JOSE REID HILLVIEW AIRPORT, CA US",74.4,45.8,10.5,10.0,5.3,15.0,89.6,57.2,0.0,5,48.0
72494693232,2024-05-31,"SAN JOSE REID HILLVIEW AIRPORT, CA US",83.8,49.1,6.0,10.0,6.3,9.9,89.6,71.6,0.0,5,61.0
72494693232,2024-06-01,"SAN JOSE REID HILLVIEW AIRPORT, CA US",71.1,48.7,8.8,10.0,7.1,12.0,84.2,57.2,0.0,6,72.0
72494693232,2024-06-02,"SAN JOSE REID HILLVIEW AIRPORT, CA US",68.1,51.0,9.9,10.0,7.1,12.0,75.2,55.4,0.0,6,45.0
72494693232,2024-06-03,"SAN JOSE REID HILLVIEW AIRPORT, CA US",67.7,56.9,11.2,10.0,9.2,15.9,75.2,62.6,0.0,6,42.0
72494693232,2024-06-04,"SAN JOSE REID HILLVIEW AIRPORT, CA US",73.3,52.1,9.1,10.0,8.0,15.9,91.4,59.0,0.0,6,43.0
72494693232,2024-06-05,"SAN JOSE REID HILLVIEW AIRPORT, CA US",84.1,56.4,6.4,10.0,4.5,14.0,95.0,66.2,0.0,6,72.0
72494693232,2024-06-06,"SAN JOSE REID HILLVIEW AIRPORT, CA US",79.2,56.2,5.2,10.0,6.3,12.0,93.2,64.4,0.0,6,78.0
72494693232,2024-06-07,"SAN JOSE REID HILLVIEW AIRPORT, CA US",73.7,54.5,4.7,10.0,5.5,11.1,86.0,55.4,0.0,6,61.0
72494693232,2024-06-08,"SAN JOSE REID HILLVIEW AIRPORT, CA US",73.1,52.9,6.9,10.0,5.7,9.9,80.6,62.6,0.0,6,48.0
72494693232,2024-06-09,"SAN JOSE REID HILLVIEW AIRPORT, CA US",72.1,47.4,8.4,10.0,6.0,11.1,80.6,59.0,0.0,6,42.0
72494693232,2024-06-10,"SAN JOSE REID HILLVIEW AIRPORT, CA US",71.1,52.4,8.7,10.0,5.5,14.0,84.2,55.4,0.0,6,45.0
72494693232,2024-06-11,"SAN JOSE REID HILLVIEW AIRPORT, CA US",77.9,55.4,6.9,10.0,4.6,8.9,93.2,60.8,0.0,6,74.0
72494693232,2024-06-12,"SAN JOSE REID HILLVIEW AIRPORT, CA US",76.1,54.5,6.4,10.0,8.5,15.9,91.4,60.8,0.0,6,125.0
72494693232,2024-06-13,"SAN JOSE REID HILLVIEW AIRPORT, CA US",69.7,53.0,8.3,10.0,8.5,12.0,78.8,57.2,0.0,6,131.0
72494693232,2024-06-14,"SAN JOSE REID HILLVIEW AIRPORT, CA US",70.0,46.9,11.8,10.0,5.9,14.0,84.2,53.6,0.0,6,73.0
72494693232,2024-06-15,"SAN JOSE REID HILLVIEW AIRPORT, CA US",70.2,42.1,11.3,10.0,8.1,18.1,80.6,57.2,0.0,6,84.0
72494693232,2024-06-16,"SAN JOSE REID HILLVIEW AIRPORT, CA US",69.8,44.0,7.8,10.0,7.1,14.0,80.6,55.4,0.0,6,48.0
72494693232,2024-06-17,"SAN JOSE REID HILLVIEW AIRPORT, CA US",69.6,42.4,7.0,10.0,10.3,17.1,80.6,57.2,0.0,6,57.0
72494693232,2024-06-18,"SAN JOSE REID HILLVIEW AIRPORT, CA US",75.7,40.4,4.9,10.0,7.5,15.9,86.0,59.0,0.0,6,46.0
72494693232,2024-06-19,"SAN JOSE REID HILLVIEW AIRPORT, CA US",69.1,43.1,6.7,10.0,6.8,12.0,78.8,55.4,0.0,6,53.0
72494693232,2024-06-21,"SAN JOSE REID HILLVIEW AIRPORT, CA US",68.8,50.2,5.3,10.0,5.6,9.9,84.2,55.4,0.0,6,80.0
72494693232,2024-06-22,"SAN JOSE REID HILLVIEW AIRPORT, CA US",76.3,54.8,4.1,10.0,4.5,9.9,91.4,59.0,0.0,6,119.0
72494693232,2024-06-23,"SAN JOSE REID HILLVIEW AIRPORT, CA US",80.8,55.4,5.8,10.0,5.2,9.9,91.4,62.6,0.0,6,129.0
72494693232,2024-06-24,"SAN JOSE REID HILLVIEW AIRPORT, CA US",77.8,54.1,6.9,10.0,5.0,9.9,87.8,62.6,0.0,6,117.0
72494693232,2024-06-25,"SAN JOSE REID HILLVIEW AIRPORT, CA US",82.0,51.9,7.0,10.0,5.5,13.0,91.4,68.0,0.0,6,71.0
72494693232,2024-06-26,"SAN JOSE REID HILLVIEW AIRPORT, CA US",70.6,52.2,11.0,10.0,7.9,12.0,78.8,59.0,0.0,6,79.0
72494693232,2024-06-27,"SAN JOSE REID HILLVIEW AIRPORT, CA US",70.6,48.9,9.1,10.0,7.0,14.0,82.4,57.2,0.0,6,61.0
72494693232,2024-06-28,"SAN JOSE REID HILLVIEW AIRPORT, CA US",73.6,49.0,5.0,10.0,4.8,11.1,87.8,57.2,0.0,6,29.0
72494693232,2024-06-29,"SAN JOSE REID HILLVIEW AIRPORT, CA US",77.2,51.9,6.1,10.0,5.5,11.1,87.8,57.2,0.0,6,97.0
72494693232,2024-06-30,"SAN JOSE REID HILLVIEW AIRPORT, CA US",78.9,52.5,9.1,10.0,6.8,12.0,86.0,64.4,0.0,6,103.0
72494693232,2024-07-01,"SAN JOSE REID HILLVIEW AIRPORT, CA US",77.0,54.3,8.1,10.0,5.7,12.0,93.2,62.6,0.0,7,49.0
72494693232,2024-07-02,"SAN JOSE REID HILLVIEW AIRPORT, CA US",85.5,54.6,4.7,10.0,4.8,11.1,102.2,66.2,0.0,7,66.0
72494693232,2024-07-03,"SAN JOSE REID HILLVIEW AIRPORT, CA US",90.6,52.8,4.5,10.0,5.0,12.0,102.2,69.8,0.0,7,113.0
72494693232,2024-07-04,"SAN JOSE REID HILLVIEW AIRPORT, CA US",87.8,56.4,8.1,9.3,5.1,11.1,98.6,69.8,0.0,7,124.0
72494693232,2024-07-05,"SAN JOSE REID HILLVIEW AIRPORT, CA US",87.1,53.3,8.5,10.0,5.9,11.1,96.8,68.0,0.0,7,132.0
72494693232,2024-07-06,"SAN JOSE REID HILLVIEW AIRPORT, CA US",85.5,57.2,6.0,10.0,5.2,12.0,98.6,64.4,0.0,7,133.0
72494693232,2024-07-07,"SAN JOSE REID HILLVIEW AIRPORT, CA US",83.4,59.7,6.4,10.0,5.0,8.9,95.0,66.2,0.0,7,142.0
72494693232,2024-07-08,"SAN JOSE REID HILLVIEW AIRPORT, CA US",77.5,58.2,5.4,10.0,4.8,9.9,87.8,60.8,0.0,7,126.0
72494693232,2024-07-09,"SAN JOSE REID HILLVIEW AIRPORT, CA US",74.7,58.6,6.2,10.0,5.4,9.9,84.2,62.6,0.0,7,52.0
72494693232,2024-07-10,"SAN JOSE REID HILLVIEW AIRPORT, CA US",77.6,59.2,6.8,9.3,4.9,8.0,93.2,62.6,0.0,7,81.0
72494693232,2024-07-11,"SAN JOSE REID HILLVIEW AIRPORT, CA US",85.8,58.8,5.7,10.0,4.7,8.9,100.4,66.2,0.0,7,120.0
72494693232,2024-07-12,"SAN JOSE REID HILLVIEW AIRPORT, CA US",85.8,59.4,5.2,9.8,5.0,9.9,98.6,68.0,0.0,7,135.0
72494693232,2024-07-13,"SAN JOSE REID HILLVIEW AIRPORT, CA US",77.1,56.9,7.0,10.0,4.6,8.0,87.8,64.4,0.0,7,150.0
72494693232,2024-07-14,"SAN JOSE REID HILLVIEW AIRPORT, CA US",73.8,57.2,11.3,10.0,5.4,9.9,82.4,60.8,0.0,7,119.0
72494693232,2024-07-15,"SAN JOSE REID HILLVIEW AIRPORT, CA US",70.5,56.2,12.1,10.0,6.2,9.9,78.8,59.0,0.0,7,91.0
72494693232,2024-07-16,"SAN JOSE REID HILLVIEW AIRPORT, CA US",70.4,54.4,11.3,10.0,5.9,13.0,78.8,60.8,0.0,7,78.0
72494693232,2024-07-17,"SAN JOSE REID HILLVIEW AIRPORT, CA US",69.7,54.4,12.1,10.0,6.8,14.0,80.6,59.0,0.0,7,82.0
72494693232,2024-07-18,"SAN JOSE REID HILLVIEW AIRPORT, CA US",77.0,55.4,10.7,10.0,5.2,11.1,89.6,60.8,0.0,7,71.0
72494693232,2024-07-19,"SAN JOSE REID HILLVIEW AIRPORT, CA US",80.4,52.9,10.4,10.0,5.7,13.0,96.8,62.6,0.0,7,79.0
72494693232,2024-07-20,"SAN JOSE REID HILLVIEW AIRPORT, CA US",80.2,53.1,8.9,10.0,6.9,15.0,91.4,64.4,0.0,7,81.0
72494693232,2024-07-21,"SAN JOSE REID HILLVIEW AIRPORT, CA US",73.0,55.5,9.6,10.0,4.8,9.9,82.4,59.0,0.0,7,66.0
72494693232,2024-07-22,"SAN JOSE REID HILLVIEW AIRPORT, CA US",76.8,56.0,6.1,10.0,3.3,8.9,93.2,60.8,0.0,7,73.0
72494693232,2024-07-23,"SAN JOSE REID HILLVIEW AIRPORT, CA US",86.5,56.6,5.8,10.0,4.1,8.9,98.6,69.8,0.0,7,90.0
72494693232,2024-07-24,"SAN JOSE REID HILLVIEW AIRPORT, CA US",85.5,55.9,9.9,10.0,5.5,9.9,95.0,71.6,0.0,7,92.0
72494693232,2024-07-25,"SAN JOSE REID HILLVIEW AIRPORT, CA US",85.9,56.1,11.9,10.0,5.6,9.9,91.4,73.4,0.0,7,92.0
72494693232,2024-07-26,"SAN JOSE REID HILLVIEW AIRPORT, CA US",79.6,53.2,8.3,10.0,6.0,11.1,93.2,64.4,0.0,7,48.0
72494693232,2024-07-27,"SAN JOSE REID HILLVIEW AIRPORT, CA US",65.8,52.5,8.7,10.0,7.3,12.0,77.0,57.2,0.0,7,47.0
72494693232,2024-07-28,"SAN JOSE REID HILLVIEW AIRPORT, CA US",68.2,52.9,8.6,10.0,8.5,13.0,82.4,57.2,0.0,7,49.0
72494693232,2024-07-29,"SAN JOSE REID HILLVIEW AIRPORT, CA US",69.5,54.5,10.7,9.9,6.1,11.1,78.8,59.0,0.0,7,52.0
72494693232,2024-07-30,"SAN JOSE REID HILLVIEW AIRPORT, CA US",72.5,57.4,10.9,10.0,8.1,14.0,78.8,62.6,0.0,7,67.0
72494693232,2024-07-31,"SAN JOSE REID HILLVIEW AIRPORT, CA US",74.6,57.8,9.5,10.0,6.3,13.0,86.0,60.8,0.0,7,63.0
72494693232,2024-08-01,"SAN JOSE REID HILLVIEW AIRPORT, CA US",74.9,57.5,11.5,10.0,5.2,9.9,87.8,60.8,0.0,8,90.0
72494693232,2024-08-02,"SAN JOSE REID HILLVIEW AIRPORT, CA US",75.9,57.7,12.8,10.0,5.1,9.9,84.2,60.8,0.0,8,112.0
72494693232,2024-08-03,"SAN JOSE REID HILLVIEW AIRPORT, CA US",78.7,59.6,10.4,10.0,4.7,9.9,91.4,64.4,0.0,8,93.0
72494693232,2024-08-04,"SAN JOSE REID HILLVIEW AIRPORT, CA US",72.7,57.0,8.8,9.6,6.6,11.1,86.0,60.8,0.0,8,101.0
72494693232,2024-08-05,"SAN JOSE REID HILLVIEW AIRPORT, CA US",70.5,57.2,9.5,9.7,6.0,11.1,80.6,60.8,0.0,8,89.0
72494693232,2024-08-06,"SAN JOSE REID HILLVIEW AIRPORT, CA US",75.3,54.2,9.3,10.0,4.8,12.0,93.2,59.0,0.0,8,93.0
72494693232,2024-08-07,"SAN JOSE REID HILLVIEW AIRPORT, CA US",82.4,55.3,8.3,10.0,4.9,9.9,93.2,62.6,0.0,8,96.0
72494693232,2024-08-08,"SAN JOSE REID HILLVIEW AIRPORT, CA US",73.1,56.2,9.1,10.0,5.6,8.9,87.8,60.8,0.0,8,43.0
72494693232,2024-08-09,"SAN JOSE REID HILLVIEW AIRPORT, CA US",73.0,56.2,8.7,8.8,4.8,11.1,84.2,60.8,0.0,8,74.0
72494693232,2024-08-10,"SAN JOSE REID HILLVIEW AIRPORT, CA US",74.6,54.6,9.0,10.0,5.9,11.1,87.8,57.2,0.0,8,68.0
72494693232,2024-08-11,"SAN JOSE REID HILLVIEW AIRPORT, CA US",74.9,55.3,9.5,10.0,5.9,12.0,84.2,62.6,0.0,8,65.0
72494693232,2024-08-12,"SAN JOSE REID HILLVIEW AIRPORT, CA US",70.8,54.4,9.8,10.0,5.4,11.1,82.4,57.2,0.0,8,45.0
72494693232,2024-08-13,"SAN JOSE REID HILLVIEW AIRPORT, CA US",72.2,47.1,9.9,10.0,5.2,12.0,82.4,57.2,0.0,8,47.0
72494693232,2024-08-14,"SAN JOSE REID HILLVIEW AIRPORT, CA US",75.3,52.1,11.8,10.0,6.0,14.0,84.2,60.8,0.0,8,45.0
72494693232,2024-08-15,"SAN JOSE REID HILLVIEW AIRPORT, CA US",73.5,53.1,12.4,10.0,6.9,13.0,82.4,60.8,0.0,8,43.0
72494693232,2024-08-16,"SAN JOSE REID HILLVIEW AIRPORT, CA US",74.4,52.8,9.5,10.0,5.7,15.0,84.2,57.2,0.0,8,40.0
72494693232,2024-08-17,"SAN JOSE REID HILLVIEW AIRPORT, CA US",73.4,57.2,8.9,10.0,6.3,13.0,80.6,60.8,0.0,8,42.0
72494693232,2024-08-18,"SAN JOSE REID HILLVIEW AIRPORT, CA US",71.6,56.0,11.0,10.0,8.2,13.0,78.8,64.4,0.0,8,32.0
72494693232,2024-08-19,"SAN JOSE REID HILLVIEW AIRPORT, CA US",72.4,49.0,12.4,10.0,7.9,15.9,80.6,57.2,0.0,8,45.0
72494693232,2024-08-20,"SAN JOSE REID HILLVIEW AIRPORT, CA US",75.1,45.9,12.8,10.0,7.8,17.1,87.8,57.2,0.0,8,27.0
72494693232,2024-08-21,"SAN JOSE REID HILLVIEW AIRPORT, CA US",74.1,50.8,12.2,10.0,7.5,18.1,82.4,59.0,0.0,8,52.0
72494693232,2024-08-22,"SAN JOSE REID HILLVIEW AIRPORT, CA US",68.5,54.0,10.4,10.0,6.6,12.0,77.0,60.8,0.0,8,42.0
72494693232,2024-08-23,"SAN JOSE REID HILLVIEW AIRPORT, CA US",67.9,53.0,11.1,10.0,6.1,12.0,73.4,59.0,0.0,8,42.0
72494693232,2024-08-24,"SAN JOSE REID HILLVIEW AIRPORT, CA US",70.5,52.2,12.5,10.0,6.0,13.0,78.8,64.4,0.0,8,37.0
72494693232,2024-08-25,"SAN JOSE REID HILLVIEW AIRPORT, CA US",72.1,53.6,14.3,10.0,6.7,12.0,84.2,57.2,0.0,8,39.0
72494693232,2024-08-26,"SAN JOSE REID HILLVIEW AIRPORT, CA US",78.7,48.3,13.6,10.0,5.1,11.1,91.4,60.8,0.0,8,51.0
72494693232,2024-08-27,"SAN JOSE REID HILLVIEW AIRPORT, CA US",81.1,49.1,10.5,10.0,5.6,12.0,95.0,60.8,0.0,8,71.0
72494693232,2024-08-28,"SAN JOSE REID HILLVIEW AIRPORT, CA US",81.4,49.0,8.0,10.0,5.5,12.0,91.4,62.6,0.0,8,91.0
72494693232,2024-08-29,"SAN JOSE REID HILLVIEW AIRPORT, CA US",72.1,55.1,10.1,10.0,5.0,11.1,82.4,57.2,0.0,8,112.0
72494693232,2024-08-30,"SAN JOSE REID HILLVIEW AIRPORT, CA US",70.4,56.6,11.9,9.8,5.1,8.9,78.8,60.8,0.0,8,115.0
72494693232,2024-08-31,"SAN JOSE REID HILLVIEW AIRPORT, CA US",71.3,56.2,999.9,10.0,5.6,9.9,78.8,62.6,0.0,8,112.0
72494693232,2024-09-01,"SAN JOSE REID HILLVIEW AIRPORT, CA US",70.5,54.7,999.9,10.0,7.4,12.0,78.8,60.8,0.0,9,111.0
72494693232,2024-09-02,"SAN JOSE REID HILLVIEW AIRPORT, CA US",70.0,53.4,999.9,10.0,7.1,9.9,78.8,57.2,0.0,9,93.0
72494693232,2024-09-03,"SAN JOSE REID HILLVIEW AIRPORT, CA US",76.4,51.6,8.4,10.0,4.4,9.9,93.2,55.4,0.0,9,52.0
72494693232,2024-09-04,"SAN JOSE REID HILLVIEW AIRPORT, CA US",79.9,53.6,9.0,10.0,4.8,11.1,91.4,62.6,0.0,9,85.0
72494693232,2024-09-05,"SAN JOSE REID HILLVIEW AIRPORT, CA US",78.2,56.7,11.4,10.0,4.3,8.9,91.4,60.8,0.0,9,62.0
72494693232,2024-09-06,"SAN JOSE REID HILLVIEW AIRPORT, CA US",79.0,54.8,10.2,10.0,4.5,8.0,91.4,62.6,0.0,9,52.0
72494693232,2024-09-07,"SAN JOSE REID HILLVIEW AIRPORT, CA US",76.5,57.5,8.0,10.0,4.4,8.9,89.6,60.8,0.0,9,120.0
72494693232,2024-09-08,"SAN JOSE REID HILLVIEW AIRPORT, CA US",76.2,58.2,6.3,10.0,4.0,8.0,89.6,60.8,0.0,9,72.0
72494693232,2024-09-09,"SAN JOSE REID HILLVIEW AIRPORT, CA US",75.2,56.6,7.0,10.0,4.4,9.9,87.8,60.8,0.0,9,69.0
72494693232,2024-09-10,"SAN JOSE REID HILLVIEW AIRPORT, CA US",67.6,54.3,7.5,10.0,5.9,8.9,75.2,59.0,0.0,9,60.0
72494693232,2024-09-13,"SAN JOSE REID HILLVIEW AIRPORT, CA US",75.2,49.2,4.1,10.0,3.9,9.9,87.8,59.0,0.0,9,54.0
72494693232,2024-09-14,"SAN JOSE REID HILLVIEW AIRPORT, CA US",71.9,52.6,5.6,10.0,2.9,8.0,86.0,55.4,0.0,9,61.0
72494693232,2024-09-15,"SAN JOSE REID HILLVIEW AIRPORT, CA US",66.1,51.7,6.9,10.0,4.5,14.0,71.6,55.4,0.0,9,71.0
72494693232,2024-09-16,"SAN JOSE REID HILLVIEW AIRPORT, CA US",63.5,50.4,6.4,9.9,3.8,9.9,71.6,57.2,0.0,9,37.0
72494693232,2024-09-17,"SAN JOSE REID HILLVIEW AIRPORT, CA US",64.4,52.0,10.1,10.0,4.8,11.1,73.4,57.2,0.0,9,41.0
72494693232,2024-09-18,"SAN JOSE REID HILLVIEW AIRPORT, CA US",66.0,54.4,7.8,10.0,5.4,12.0,73.4,60.8,0.0,9,49.0
72494693232,2024-09-19,"SAN JOSE REID HILLVIEW AIRPORT, CA US",68.9,55.8,6.9,10.0,5.1,13.0,77.0,60.8,0.0,9,38.0
72494693232,2024-09-20,"SAN JOSE REID HILLVIEW AIRPORT, CA US",67.8,54.7,7.7,10.0,4.5,8.9,77.0,60.8,0.0,9,44.0
72494693232,2024-09-21,"SAN JOSE REID HILLVIEW AIRPORT, CA US",68.6,55.0,7.4,9.0,2.8,9.9,82.4,55.4,0.0,9,80.0
72494693232,2024-09-22,"SAN JOSE REID HILLVIEW AIRPORT, CA US",69.0,54.7,8.6,8.8,3.5,9.9,84.2,53.6,0.0,9,97.0
72494693232,2024-09-23,"SAN JOSE REID HILLVIEW AIRPORT, CA US",75.9,54.0,6.4,10.0,2.4,7.0,95.0,57.2,0.0,9,87.0
72494693232,2024-09-24,"SAN JOSE REID HILLVIEW AIRPORT, CA US",82.7,53.8,3.3,10.0,4.1,11.1,93.2,64.4,0.0,9,98.0
72494693232,2024-09-25,"SAN JOSE REID HILLVIEW AIRPORT, CA US",70.8,55.3,5.3,10.0,6.3,11.1,82.4,59.0,0.0,9,115.0
72494693232,2024-09-26,"SAN JOSE REID HILLVIEW AIRPORT, CA US",70.2,54.6,7.1,10.0,4.7,11.1,80.6,59.0,0.0,9,76.0
72494693232,2024-09-27,"SAN JOSE REID HILLVIEW AIRPORT, CA US",77.2,53.2,6.4,10.0,3.5,8.9,91.4,57.2,0.0,9,74.0
72494693232,2024-09-28,"SAN JOSE REID HILLVIEW AIRPORT, CA US",74.8,53.0,5.3,10.0,4.5,8.9,89.6,60.8,0.0,9,89.0
72494693232,2024-09-29,"SAN JOSE REID HILLVIEW AIRPORT, CA US",68.5,54.3,8.8,9.8,4.5,11.1,80.6,59.0,0.0,9,88.0
72494693232,2024-09-30,"SAN JOSE REID HILLVIEW AIRPORT, CA US",76.1,50.5,7.9,10.0,3.5,8.0,91.4,55.4,0.0,9,56.0
72494693232,2024-10-01,"SAN JOSE REID HILLVIEW AIRPORT, CA US",84.0,46.0,8.5,10.0,3.5,7.0,98.6,60.8,0.0,10,82.0
72494693232,2024-10-02,"SAN JOSE REID HILLVIEW AIRPORT, CA US",87.1,46.5,6.8,10.0,2.6,8.9,102.2,64.4,0.0,10,118.0
72494693232,2024-10-03,"SAN JOSE REID HILLVIEW AIRPORT, CA US",84.6,46.9,4.2,10.0,2.3,9.9,100.4,64.4,0.0,10,137.0
72494693232,2024-10-04,"SAN JOSE REID HILLVIEW AIRPORT, CA US",80.1,47.8,6.7,10.0,2.3,8.0,95.0,62.6,0.0,10,130.0
72494693232,2024-10-05,"SAN JOSE REID HILLVIEW AIRPORT, CA US",82.5,47.5,9.6,10.0,2.9,6.0,95.0,62.6,0.0,10,102.0
72494693232,2024-10-06,"SAN JOSE REID HILLVIEW AIRPORT, CA US",84.7,48.0,9.2,10.0,2.7,8.9,100.4,66.2,0.0,10,117.0
72494693232,2024-10-07,"SAN JOSE REID HILLVIEW AIRPORT, CA US",85.8,48.2,6.9,10.0,3.2,14.0,96.8,66.2,0.0,10,76.0
72494693232,2024-10-08,"SAN JOSE REID HILLVIEW AIRPORT, CA US",79.9,52.0,5.7,10.0,3.8,13.0,89.6,62.6,0.0,10,90.0
72494693232,2024-10-09,"SAN JOSE REID HILLVIEW AIRPORT, CA US",70.2,53.8,9.3,10.0,4.5,9.9,80.6,57.2,0.0,10,100.0
72494693232,2024-10-10,"SAN JOSE REID HILLVIEW AIRPORT, CA US",71.3,53.5,11.1,10.0,3.5,8.0,78.8,59.0,0.0,10,98.0
72494693232,2024-10-11,"SAN JOSE REID HILLVIEW AIRPORT, CA US",66.2,49.7,11.3,10.0,3.7,8.9,77.0,51.8,0.0,10,55.0
72494693232,2024-10-12,"SAN JOSE REID HILLVIEW AIRPORT, CA US",67.4,49.4,13.9,10.0,3.9,8.9,78.8,51.8,0.0,10,35.0
72494693232,2024-10-13,"SAN JOSE REID HILLVIEW AIRPORT, CA US",71.9,61.6,12.8,10.0,5.0,11.1,78.8,66.2,0.0,10,44.0
72494693232,2024-10-14,"SAN JOSE REID HILLVIEW AIRPORT, CA US",68.0,57.7,13.8,10.0,4.6,8.0,75.2,60.8,0.0,10,62.0
72494693232,2024-10-15,"SAN JOSE REID HILLVIEW AIRPORT, CA US",68.2,54.6,13.2,10.0,4.0,9.9,78.8,55.4,0.0,10,52.0
72494693232,2024-10-16,"SAN JOSE REID HILLVIEW AIRPORT, CA US",67.9,53.5,11.2,10.0,5.8,12.0,73.4,59.0,0.0,10,46.0
72494693232,2024-10-17,"SAN JOSE REID HILLVIEW AIRPORT, CA US",63.9,47.3,8.5,10.0,5.7,13.0,71.6,51.8,0.0,10,33.0
72494693232,2024-10-18,"SAN JOSE REID HILLVIEW AIRPORT, CA US",65.5,30.8,11.7,10.0,8.9,14.0,75.2,55.4,0.0,10,66.0
72494693232,2024-10-19,"SAN JOSE REID HILLVIEW AIRPORT, CA US",68.8,29.1,13.3,10.0,2.3,8.9,80.6,51.8,0.0,10,58.0
72494693232,2024-10-20,"SAN JOSE REID HILLVIEW AIRPORT, CA US",70.7,29.7,13.4,10.0,2.2,9.9,84.2,48.2,0.0,10,46.0
72494693232,2024-10-21,"SAN JOSE REID HILLVIEW AIRPORT, CA US",66.4,36.7,14.4,10.0,3.2,8.9,77.0,50.0,0.0,10,52.0
72494693232,2024-10-22,"SAN JOSE REID HILLVIEW AIRPORT, CA US",64.8,51.4,14.8,10.0,4.3,8.9,73.4,51.8,0.0,10,57.0
72494693232,2024-10-23,"SAN JOSE REID HILLVIEW AIRPORT, CA US",64.9,43.7,15.0,10.0,3.5,8.9,78.8,48.2,0.0,10,54.0
72494693232,2024-10-24,"SAN JOSE REID HILLVIEW AIRPORT, CA US",66.9,37.5,11.6,10.0,2.1,8.0,77.0,50.0,0.0,10,57.0
72494693232,2024-10-25,"SAN JOSE REID HILLVIEW AIRPORT, CA US",65.6,38.4,9.9,10.0,2.5,8.0,78.8,48.2,0.0,10,74.0
72494693232,2024-10-26,"SAN JOSE REID HILLVIEW AIRPORT, CA US",65.5,39.7,14.2,10.0,1.1,8.0,78.8,48.2,0.0,10,83.0
72494693232,2024-10-27,"SAN JOSE REID HILLVIEW AIRPORT, CA US",67.0,52.4,14.5,8.7,3.6,11.1,75.2,60.8,0.0,10,79.0
72494693232,2024-10-28,"SAN JOSE REID HILLVIEW AIRPORT, CA US",62.6,50.6,12.8,10.0,7.5,11.1,68.0,55.4,0.0,10,46.0
72494693232,2024-10-29,"SAN JOSE REID HILLVIEW AIRPORT, CA US",58.6,42.3,12.0,10.0,5.3,12.0,66.2,48.2,0.0,10,36.0
72494693232,2024-10-30,"SAN JOSE REID HILLVIEW AIRPORT, CA US",57.9,40.5,15.1,10.0,2.7,9.9,68.0,44.6,0.0,10,46.0
72494693232,2024-10-31,"SAN JOSE REID HILLVIEW AIRPORT, CA US",58.4,45.9,15.6,10.0,4.8,11.1,64.4,51.8,0.0,10,37.0
72494693232,2024-11-01,"SAN JOSE REID HILLVIEW AIRPORT, CA US",60.1,44.1,12.6,10.0,1.9,7.0,66.2,46.4,0.0,11,43.0
72494693232,2024-11-02,"SAN JOSE REID HILLVIEW AIRPORT, CA US",60.2,48.3,9.9,10.0,4.9,9.9,64.4,53.6,0.0,11,44.0
72494693232,2024-11-03,"SAN JOSE REID HILLVIEW AIRPORT, CA US",59.8,44.6,12.7,10.0,8.9,15.9,69.8,46.4,0.0,11,56.0
72494693232,2024-11-04,"SAN JOSE REID HILLVIEW AIRPORT, CA US",62.4,37.6,15.5,10.0,3.5,12.0,73.4,44.6,0.0,11,62.0
72494693232,2024-11-05,"SAN JOSE REID HILLVIEW AIRPORT, CA US",61.5,42.2,14.6,10.0,3.6,13.0,71.6,51.8,0.0,11,61.0
72494693232,2024-11-09,"SAN JOSE REID HILLVIEW AIRPORT, CA US",60.2,30.2,12.3,10.0,2.3,8.0,71.6,42.8,0.0,11,78.0
72494693232,2024-11-10,"SAN JOSE REID HILLVIEW AIRPORT, CA US",60.3,34.4,11.3,10.0,2.3,9.9,71.6,42.8,0.0,11,86.0
72494693232,2024-11-11,"SAN JOSE REID HILLVIEW AIRPORT, CA US",57.3,47.8,12.4,8.8,3.1,14.0,64.4,53.6,0.0,11,63.0
72494693232,2024-11-12,"SAN JOSE REID HILLVIEW AIRPORT, CA US",55.4,46.1,17.5,10.0,2.6,8.0,62.6,46.4,0.0,11,68.0
72494693232,2024-11-13,"SAN JOSE REID HILLVIEW AIRPORT, CA US",56.6,43.9,16.3,10.0,3.2,8.0,64.4,42.8,0.0,11,79.0
72494693232,2024-11-14,"SAN JOSE REID HILLVIEW AIRPORT, CA US",57.2,47.5,13.9,10.0,4.3,12.0,62.6,48.2,0.0,11,65.0
72494693232,2024-11-15,"SAN JOSE REID HILLVIEW AIRPORT, CA US",54.5,41.8,10.3,10.0,5.2,11.1,57.2,48.2,0.0,11,34.0
72494693232,2024-11-16,"SAN JOSE REID HILLVIEW AIRPORT, CA US",52.6,34.7,13.1,10.0,3.9,8.0,60.8,41.0,0.0,11,73.0
72494693232,2024-11-17,"SAN JOSE REID HILLVIEW AIRPORT, CA US",53.7,33.7,13.6,10.0,2.9,9.9,64.4,37.4,0.0,11,86.0
72494693232,2024-11-18,"SAN JOSE REID HILLVIEW AIRPORT, CA US",54.5,42.9,15.5,9.1,6.3,14.0,57.2,42.8,0.0,11,50.0
72494693232,2024-11-19,"SAN JOSE REID HILLVIEW AIRPORT, CA US",52.8,34.1,15.9,10.0,5.3,11.1,62.6,37.4,0.0,11,56.0
72494693232,2024-11-20,"SAN JOSE REID HILLVIEW AIRPORT, CA US",59.2,32.1,13.3,10.0,9.9,18.1,64.4,53.6,0.0,11,50.0
72494693232,2024-11-21,"SAN JOSE REID HILLVIEW AIRPORT, CA US",64.3,46.5,13.7,10.0,12.6,17.1,66.2,62.6,0.0,11,45.0
72494693232,2024-11-22,"SAN JOSE REID HILLVIEW AIRPORT, CA US",63.3,50.7,11.3,10.0,9.6,15.0,64.4,60.8,0.0,11,50.0
72494693232,2024-11-23,"SAN JOSE REID HILLVIEW AIRPORT, CA US",58.7,50.6,999.9,8.2,7.7,19.0,62.6,48.2,0.0,11,34.0
72494693232,2024-11-24,"SAN JOSE REID HILLVIEW AIRPORT, CA US",55.7,43.8,999.9,9.7,4.4,11.1,62.6,41.0,0.0,11,53.0
72494693232,2024-11-25,"SAN JOSE REID HILLVIEW AIRPORT, CA US",54.2,48.4,12.1,7.0,3.8,8.0,60.8,50.0,0.0,11,28.0
72494693232,2024-11-26,"SAN JOSE REID HILLVIEW AIRPORT, CA US",56.4,49.9,14.8,10.0,3.5,7.0,59.0,51.8,0.0,11,30.0
72494693232,2024-11-27,"SAN JOSE REID HILLVIEW AIRPORT, CA US",55.4,38.8,14.3,10.0,3.0,7.0,60.8,46.4,0.0,11,64.0
72494693232,2024-11-28,"SAN JOSE REID HILLVIEW AIRPORT, CA US",51.4,33.6,15.9,10.0,0.3,2.9,60.8,35.6,0.0,11,77.0
72494693232,2024-11-30,"SAN JOSE REID HILLVIEW AIRPORT, CA US",53.1,38.6,15.0,10.0,1.4,5.1,64.4,42.8,0.0,11,95.0
72494693232,2024-12-01,"SAN JOSE REID HILLVIEW AIRPORT, CA US",60.1,40.3,999.9,10.0,1.1,4.1,66.2,55.4,0.0,12,117.0
72494693232,2024-12-02,"SAN JOSE REID HILLVIEW AIRPORT, CA US",58.6,41.0,999.9,10.0,1.3,5.1,68.0,44.6,0.0,12,125.0
72494693232,2024-12-03,"SAN JOSE REID HILLVIEW AIRPORT, CA US",57.2,39.0,999.9,10.0,1.3,6.0,66.2,42.8,0.0,12,143.0
72494693232,2024-12-04,"SAN JOSE REID HILLVIEW AIRPORT, CA US",56.4,42.0,999.9,10.0,1.5,5.1,66.2,42.8,0.0,12,152.0
72494693232,2024-12-05,"SAN JOSE REID HILLVIEW AIRPORT, CA US",56.8,44.4,999.9,10.0,1.0,5.1,66.2,46.4,0.0,12,154.0
72494693232,2024-12-06,"SAN JOSE REID HILLVIEW AIRPORT, CA US",57.4,43.8,999.9,10.0,2.0,5.1,66.2,44.6,0.0,12,157.0
72494693232,2024-12-07,"SAN JOSE REID HILLVIEW AIRPORT, CA US",55.4,42.6,999.9,10.0,2.3,5.1,64.4,39.2,0.0,12,156.0
72494693232,2024-12-08,"SAN JOSE REID HILLVIEW AIRPORT, CA US",56.4,44.5,999.9,7.5,1.1,5.1,66.2,44.6,0.0,12,151.0
72494693232,2024-12-09,"SAN JOSE REID HILLVIEW AIRPORT, CA US",55.4,32.9,999.9,10.0,1.2,8.0,66.2,37.4,0.0,12,128.0
72494693232,2024-12-10,"SAN JOSE REID HILLVIEW AIRPORT, CA US",52.4,27.4,999.9,10.0,1.7,5.1,64.4,35.6,0.0,12,103.0
72494693232,2024-12-11,"SAN JOSE REID HILLVIEW AIRPORT, CA US",53.5,34.6,999.9,9.9,1.1,4.1,66.2,37.4,0.0,12,110.0
72494693232,2024-12-12,"SAN JOSE REID HILLVIEW AIRPORT, CA US",53.3,43.9,999.9,9.5,1.7,6.0,57.2,48.2,0.0,12,80.0
72494693232,2024-12-13,"SAN JOSE REID HILLVIEW AIRPORT, CA US",54.6,47.4,999.9,7.0,7.0,15.9,57.2,51.8,0.0,12,54.0
72494693232,2024-12-14,"SAN JOSE REID HILLVIEW AIRPORT, CA US",55.5,46.6,999.9,7.7,11.3,15.9,59.0,51.8,0.0,12,34.0
72494693232,2024-12-15,"SAN JOSE REID HILLVIEW AIRPORT, CA US",50.2,42.5,999.9,10.0,2.0,7.0,59.0,37.4,0.0,12,62.0
72494693232,2024-12-16,"SAN JOSE REID HILLVIEW AIRPORT, CA US",52.3,43.1,999.9,9.5,5.2,13.0,57.2,44.6,0.0,12,55.0
72494693232,2024-12-17,"SAN JOSE REID HILLVIEW AIRPORT, CA US",51.7,48.4,999.9,8.0,1.4,4.1,57.2,48.2,0.0,12,39.0
72494693232,2024-12-18,"SAN JOSE REID HILLVIEW AIRPORT, CA US",51.6,46.9,999.9,9.1,1.0,6.0,59.0,46.4,0.0,12,83.0
72494693232,2024-12-19,"SAN JOSE REID HILLVIEW AIRPORT, CA US",52.6,43.7,999.9,9.7,1.5,4.1,60.8,39.2,0.0,12,102.0
72494693232,2024-12-20,"SAN JOSE REID HILLVIEW AIRPORT, CA US",50.1,45.2,999.9,6.5,1.5,8.0,57.2,42.8,0.0,12,84.0
72494693232,2024-12-21,"SAN JOSE REID HILLVIEW AIRPORT, CA US",58.0,48.6,999.9,8.5,6.2,11.1,64.4,51.8,0.0,12,95.0
72494693232,2024-12-22,"SAN JOSE REID HILLVIEW AIRPORT, CA US",60.7,55.2,999.9,7.7,3.3,6.0,68.0,55.4,0.0,12,93.0
72494693232,2024-12-23,"SAN JOSE REID HILLVIEW AIRPORT, CA US",64.7,56.6,999.9,10.0,3.1,11.1,73.4,57.2,0.0,12,89.0
72494693232,2024-12-24,"SAN JOSE REID HILLVIEW AIRPORT, CA US",57.2,52.5,999.9,9.5,3.8,7.0,66.2,51.8,0.0,12,47.0
72494693232,2024-12-25,"SAN JOSE REID HILLVIEW AIRPORT, CA US",51.1,43.5,999.9,10.0,1.6,7.0,55.4,44.6,0.0,12,75.0
72494693232,2024-12-26,"SAN JOSE REID HILLVIEW AIRPORT, CA US",56.1,47.5,999.9,9.7,5.1,12.0,62.6,51.8,0.0,12,62.0
72494693232,2024-12-27,"SAN JOSE REID HILLVIEW AIRPORT, CA US",59.5,54.4,999.9,9.3,4.8,8.9,62.6,55.4,0.0,12,57.0
72494693232,2024-12-28,"SAN JOSE REID HILLVIEW AIRPORT, CA US",58.3,52.3,999.9,9.5,0.5,4.1,66.2,51.8,0.0,12,68.0
72494693232,2024-12-29,"SAN JOSE REID HILLVIEW AIRPORT, CA US",60.2,54.4,999.9,8.5,5.0,11.1,64.4,57.2,0.0,12,70.0
72494693232,2024-12-30,"SAN JOSE REID HILLVIEW AIRPORT, CA US",53.5,45.5,999.9,10.0,4.7,14.0,59.0,48.2,0.0,12,45.0
72494693232,2024-12-31,"SAN JOSE REID HILLVIEW AIRPORT, CA US",49.5,36.7,999.9,10.0,2.2,8.9,57.2,37.4,0.0,12,22.0
